{"users": {"626a2d0bfbe8f2788111ae26": {"total_tips": 4, "username": "NavidFRB", "time_spent": 3140.8740000000016, "chat_count": 208, "balance": 2}, "638df3814d008e59695d88b0": {"total_tips": 0, "username": "Ja_an", "balance": 0, "time_spent": 487.9850000000006, "chat_count": 40}, "6930095727aa59e79ea5c259": {"total_tips": 1, "username": "ANTAURI", "balance": 1, "time_spent": 877.8749999999854, "chat_count": 129}, "67aba08007cb4662a8013ad1": {"total_tips": 0, "username": "_.LM", "balance": 0, "time_spent": 58.1880000000001, "chat_count": 0}, "693daa3282d1716a3c5c3b66": {"total_tips": 0, "username": "yukii_6", "balance": 0, "time_spent": 0, "chat_count": 19}, "677f9b41c454ce96bbfda721": {"total_tips": 0, "username": "5_YM", "balance": 0, "time_spent": 10.015999999999622, "chat_count": 0}, "692ac4f0452e08729a96db61": {"total_tips": 0, "username": "YMbot", "balance": 0, "time_spent": 0, "chat_count": 3}}, "bot_position": {"x": 6.5, "y": 0.25, "z": 0.5, "facing": "FrontRight"}, "mutes": {}, "bans": {"66cf3d7deadab339680adc1b": 1766440924}, "developers": ["NavidFRB", "_5YM", "q.xx", "youssef100000000", "FresK4", "fyp19t", "_SUVA_", "_S_P_E_E_D_"], "filter": {"enabled": false, "words": []}, "warns": {}, "vips": ["NavidFRB"], "viploc": {"x": 8.5, "y": 0.25, "z": 5.5, "facing": "FrontRight"}, "rules_text": "", "greet_text_ar": "", "greet_text_en": "welcome", "subs": [{"id": "626a2d0bfbe8f2788111ae26", "username": "", "conversation_id": "1_on_1:626a2d0bfbe8f2788111ae26:6946c9c538e8a3a1a59f38d5"}], "moderators": [], "vip_expiry": {}, "locations": {"aps": {"x": 12.5, "y": 0.25, "z": 8.0, "facing": "FrontRight"}, "1": {"x": 11.0, "y": 0.25, "z": 7.5, "facing": "FrontRight"}, "f1": {"x": 11.5, "y": 0.25, "z": 6.0, "facing": "FrontRight"}, "f2": {"x": 9.0, "y": 0.25, "z": 6.0, "facing": "FrontRight"}}, "greet_whisper": true, "freeze_pos": {}, "frozen": {}, "owners": [], "dm_users": ["626a2d0bfbe8f2788111ae26", "6930095727aa59e79ea5c259", "663da7935f9d75c3f42bf455", "64e1761af6fc6ea4eb436f35"]}